region,age,bmi,charges
northeast,41.6,30.939999999999998,14171.158
northwest,40.5,26.275,15513.995
southeast,35.3,33.14,10828.394
southwest,28.333333333333332,31.05,11730.669999999998
